Workbook

Sheet Survey_Data
A1: Survey_Cycle | B1: Business_Unit | C1: Headcount | D1: Respondents | E1: Participation_Rate | F1: Leadership_Score | G1: CareerGrowth_Score | H1: Recognition_Score | I1: WorkLife_Score | J1: Collaboration_Score | K1: Culture_Score | L1: Manager_Score | M1: Innovation_Score | N1: Overall_Score
A2: Q1 2024 | B2: Fashion | C2: 150 | D2: 128 | E2: 0.85 | F2: 4 | G2: 3.6 | H2: 3.8 | I2: 4.2 | J2: 4.1 | K2: 4 | L2: 3.9 | M2: 3.8 | N2: 3.96
A3: Q1 2024 | B3: Beauty | C3: 90 | D3: 74 | E3: 0.82 | F3: 3.8 | G3: 3.5 | H3: 3.6 | I3: 4 | J3: 3.9 | K3: 3.8 | L3: 3.7 | M3: 3.6 | N3: 3.74
A4: Q1 2024 | B4: Tech & Product | C4: 180 | D4: 160 | E4: 0.89 | F4: 4.1 | G4: 3.7 | H4: 3.9 | I4: 3.8 | J4: 4.2 | K4: 4.1 | L4: 4 | M4: 4.1 | N4: 3.98
A5: Q1 2024 | B5: Supply Chain & Ops | C5: 220 | D5: 182 | E5: 0.83 | F5: 3.7 | G5: 3.4 | H5: 3.5 | I5: 3.9 | J5: 3.8 | K5: 3.6 | L5: 3.5 | M5: 3.7 | N5: 3.64
A6: Q1 2024 | B6: Customer Experience | C6: 120 | D6: 100 | E6: 0.83 | F6: 3.9 | G6: 3.5 | H6: 3.6 | I6: 3.7 | J6: 3.8 | K6: 3.7 | L6: 3.6 | M6: 3.5 | N6: 3.69
A7: Q2 2024 | B7: Fashion | C7: 148 | D7: 130 | E7: 0.88 | F7: 4.1 | G7: 3.7 | H7: 3.9 | I7: 4.3 | J7: 4.2 | K7: 4.1 | L7: 4 | M7: 3.9 | N7: 4.02
A8: Q2 2024 | B8: Beauty | C8: 92 | D8: 80 | E8: 0.87 | F8: 3.9 | G8: 3.5 | H8: 3.8 | I8: 4.1 | J8: 4 | K8: 3.9 | L8: 3.8 | M8: 3.7 | N8: 3.83
A9: Q2 2024 | B9: Tech & Product | C9: 185 | D9: 170 | E9: 0.92 | F9: 4.2 | G9: 3.8 | H9: 4 | I9: 3.9 | J9: 4.3 | K9: 4.2 | L9: 4.1 | M9: 4.2 | N9: 4.04
A10: Q2 2024 | B10: Supply Chain & Ops | C10: 218 | D10: 180 | E10: 0.82 | F10: 3.8 | G10: 3.4 | H10: 3.6 | I10: 4 | J10: 3.9 | K10: 3.7 | L10: 3.6 | M10: 3.8 | N10: 3.71
A11: Q2 2024 | B11: Customer Experience | C11: 118 | D11: 102 | E11: 0.86 | F11: 3.9 | G11: 3.6 | H11: 3.7 | I11: 3.8 | J11: 3.9 | K11: 3.8 | L11: 3.7 | M11: 3.6 | N11: 3.75
A12: Q3 2024 | B12: Fashion | C12: 150 | D12: 138 | E12: 0.92 | F12: 4.2 | G12: 3.8 | H12: 4 | I12: 4.4 | J12: 4.3 | K12: 4.2 | L12: 4.1 | M12: 4 | N12: 4.13
A13: Q3 2024 | B13: Beauty | C13: 90 | D13: 78 | E13: 0.86 | F13: 4 | G13: 3.6 | H13: 3.8 | I13: 4.2 | J13: 4.1 | K13: 4 | L13: 3.9 | M13: 3.8 | N13: 3.88
... A16: Q3 2024 | B16: Customer Experience | C16: 120 | D16: 108 | E16: 0.9 | F16: 4 | G16: 3.7 | H16: 3.8 | I16: 3.9 | J16: 4 | K16: 3.9 | L16: 3.8 | M16: 3.7 | N16: 3.86

Sheet BU_Summary
A1: Business_Unit | B1: Avg_Overall_Score | C1: Avg_Participation_Rate | D1: Trend_Q1_to_Q3
A2: Fashion | B2: =AVERAGEIF(Survey_Data!$B:$B, A2, Survey_Data!$N:$N) -> 4.0366667 | C2: =AVERAGEIF(Survey_Data!$B:$B, A2, Survey_Data!$E:$E) -> 0.88333333 | D2: =AVERAGEIFS(Survey_Data!$N:$N, Survey_Data!$B:$B, A2, Survey_Data!$A:$A, "Q3 2024") - AVERAGEIFS(Survey_Data!$N:$N, Survey_Data!$B:$B, A2, Survey_Data!$A:$A, "Q1 2024") -> 0.17
A3: Beauty | B3: =AVERAGEIF(Survey_Data!$B:$B, A3, Survey_Data!$N:$N) -> 3.8166667 | C3: =AVERAGEIF(Survey_Data!$B:$B, A3, Survey_Data!$E:$E) -> 0.85 | D3: =AVERAGEIFS(Survey_Data!$N:$N, Survey_Data!$B:$B, A3, Survey_Data!$A:$A, "Q3 2024") - AVERAGEIFS(Survey_Data!$N:$N, Survey_Data!$B:$B, A3, Survey_Data!$A:$A, "Q1 2024") -> 0.14
A4: Tech & Product | B4: =AVERAGEIF(Survey_Data!$B:$B, A4, Survey_Data!$N:$N) -> 4.05 | C4: =AVERAGEIF(Survey_Data!$B:$B, A4, Survey_Data!$E:$E) -> 0.91 | D4: =AVERAGEIFS(Survey_Data!$N:$N, Survey_Data!$B:$B, A4, Survey_Data!$A:$A, "Q3 2024") - AVERAGEIFS(Survey_Data!$N:$N, Survey_Data!$B:$B, A4, Survey_Data!$A:$A, "Q1 2024") -> 0.15
A5: Supply Chain & Ops | B5: =AVERAGEIF(Survey_Data!$B:$B, A5, Survey_Data!$N:$N) -> 3.7233333 | C5: =AVERAGEIF(Survey_Data!$B:$B, A5, Survey_Data!$E:$E) -> 0.83666667 | D5: =AVERAGEIFS(Survey_Data!$N:$N, Survey_Data!$B:$B, A5, Survey_Data!$A:$A, "Q3 2024") - AVERAGEIFS(Survey_Data!$N:$N, Survey_Data!$B:$B, A5, Survey_Data!$A:$A, "Q1 2024") -> 0.18
A6: Customer Experience | B6: =AVERAGEIF(Survey_Data!$B:$B, A6, Survey_Data!$N:$N) -> 3.7666667 | C6: =AVERAGEIF(Survey_Data!$B:$B, A6, Survey_Data!$E:$E) -> 0.86333333 | D6: =AVERAGEIFS(Survey_Data!$N:$N, Survey_Data!$B:$B, A6, Survey_Data!$A:$A, "Q3 2024") - AVERAGEIFS(Survey_Data!$N:$N, Survey_Data!$B:$B, A6, Survey_Data!$A:$A, "Q1 2024") -> 0.17

Sheet Dimension_Analysis
A1: Dimension | B1: Avg_Score
A2: Leadership | B2: =AVERAGE(Survey_Data!F:F) -> 3.9866667
A3: Career Growth | B3: =AVERAGE(Survey_Data!G:G) -> 3.6133333
A4: Recognition | B4: =AVERAGE(Survey_Data!H:H) -> 3.7866667
A5: Work-Life Balance | B5: =AVERAGE(Survey_Data!I:I) -> 4.02
A6: Collaboration | B6: =AVERAGE(Survey_Data!J:J) -> 4.06
A7: Culture | B7: =AVERAGE(Survey_Data!K:K) -> 3.94
A8: Manager Support | B8: =AVERAGE(Survey_Data!L:L) -> 3.84
A9: Innovation | B9: =AVERAGE(Survey_Data!M:M) -> 3.84

Sheet Trend_Analysis
A1: Business_Unit | B1: Q1_2024 | C1: Q2_2024 | D1: Q3_2024
A2: Fashion | B2: =AVERAGEIFS(Survey_Data!$N:$N, Survey_Data!$B:$B, A2, Survey_Data!$A:$A, "Q1 2024") -> 3.96 | C2: =AVERAGEIFS(Survey_Data!$N:$N, Survey_Data!$B:$B, A2, Survey_Data!$A:$A, "Q2 2024") -> 4.02 | D2: =AVERAGEIFS(Survey_Data!$N:$N, Survey_Data!$B:$B, A2, Survey_Data!$A:$A, "Q3 2024") -> 4.13
A3: Beauty | B3: =AVERAGEIFS(Survey_Data!$N:$N, Survey_Data!$B:$B, A3, Survey_Data!$A:$A, "Q1 2024") -> 3.74 | C3: =AVERAGEIFS(Survey_Data!$N:$N, Survey_Data!$B:$B, A3, Survey_Data!$A:$A, "Q2 2024") -> 3.83 | D3: =AVERAGEIFS(Survey_Data!$N:$N, Survey_Data!$B:$B, A3, Survey_Data!$A:$A, "Q3 2024") -> 3.88
A4: Tech & Product | B4: =AVERAGEIFS(Survey_Data!$N:$N, Survey_Data!$B:$B, A4, Survey_Data!$A:$A, "Q1 2024") -> 3.98 | C4: =AVERAGEIFS(Survey_Data!$N:$N, Survey_Data!$B:$B, A4, Survey_Data!$A:$A, "Q2 2024") -> 4.04 | D4: =AVERAGEIFS(Survey_Data!$N:$N, Survey_Data!$B:$B, A4, Survey_Data!$A:$A, "Q3 2024") -> 4.13
A5: Supply Chain & Ops | B5: =AVERAGEIFS(Survey_Data!$N:$N, Survey_Data!$B:$B, A5, Survey_Data!$A:$A, "Q1 2024") -> 3.64 | C5: =AVERAGEIFS(Survey_Data!$N:$N, Survey_Data!$B:$B, A5, Survey_Data!$A:$A, "Q2 2024") -> 3.71 | D5: =AVERAGEIFS(Survey_Data!$N:$N, Survey_Data!$B:$B, A5, Survey_Data!$A:$A, "Q3 2024") -> 3.82
A6: Customer Experience | B6: =AVERAGEIFS(Survey_Data!$N:$N, Survey_Data!$B:$B, A6, Survey_Data!$A:$A, "Q1 2024") -> 3.69 | C6: =AVERAGEIFS(Survey_Data!$N:$N, Survey_Data!$B:$B, A6, Survey_Data!$A:$A, "Q2 2024") -> 3.75 | D6: =AVERAGEIFS(Survey_Data!$N:$N, Survey_Data!$B:$B, A6, Survey_Data!$A:$A, "Q3 2024") -> 3.86
A22: Business_Unit | B22: Q3_Overall_Score
A23: Fashion | B23: =AVERAGEIFS(Survey_Data!$N:$N, Survey_Data!$B:$B, A2, Survey_Data!$A:$A, "Q3 2024") -> 4.13
A24: Beauty | B24: =AVERAGEIFS(Survey_Data!$N:$N, Survey_Data!$B:$B, A3, Survey_Data!$A:$A, "Q3 2024") -> 3.88
A25: Tech & Product | B25: =AVERAGEIFS(Survey_Data!$N:$N, Survey_Data!$B:$B, A4, Survey_Data!$A:$A, "Q3 2024") -> 4.13
A26: Supply Chain & Ops | B26: =AVERAGEIFS(Survey_Data!$N:$N, Survey_Data!$B:$B, A5, Survey_Data!$A:$A, "Q3 2024") -> 3.82
A27: Customer Experience | B27: =AVERAGEIFS(Survey_Data!$N:$N, Survey_Data!$B:$B, A6, Survey_Data!$A:$A, "Q3 2024") -> 3.86
